Datetime,Gpu,CC,SMS,Resolution,Scene,Filter,PostFX Settings,GPU Primary (ms),GPU PostFX (ms),GPU Total (ms),CPU Primary (ms),CPU PostFX (ms),CPU Total (ms),MPx,GPU MPx (s),CPU MPx (s),PostFX (bytes),GPU PostFX (GB/s),GPU Grid X,GPU Grid Y,GPU Block X,GPU Block Y,Seed,Repeats,RunIndex,CRC_GPU_RAW,CRC_CPU_RAW,GPU Time AVG,GPU Deviation,GPU Mean,CPU Time AVG,CPU Deviation,CPU Mean,Speedup
10/26/2025 18:47,NVIDIA GeForce RTX 4090,8.9,128,640x480,Cornell,Off,OFF,0.159,NaN,0.159,977.542,NaN,977.542,0.31,1935.48,0.31,0,NaN,40,20,16,24,0,1,0,0x0,0x0,0.1652,0.003701351,0.165 ± 0.004,960.4232,15.1882546,960.4 ± 15.2,5813.7
10/26/2025 18:47,NVIDIA GeForce RTX 4090,8.9,128,640x480,Cornell,Off,OFF,0.165,NaN,0.165,976.506,NaN,976.506,0.31,1863.35,0.31,0,NaN,40,20,16,24,0,1,0,0x0,0x0,,,,,,,
10/26/2025 18:48,NVIDIA GeForce RTX 4090,8.9,128,640x480,Cornell,Off,OFF,0.168,NaN,0.168,950.492,NaN,950.492,0.31,1832.41,0.32,0,NaN,40,20,16,24,0,1,0,0x0,0x0,,,,,,,
10/26/2025 18:48,NVIDIA GeForce RTX 4090,8.9,128,640x480,Cornell,Off,OFF,0.166,NaN,0.166,947.883,NaN,947.883,0.31,1851.85,0.32,0,NaN,40,20,16,24,0,1,0,0x0,0x0,,,,,,,
10/26/2025 18:48,NVIDIA GeForce RTX 4090,8.9,128,640x480,Cornell,Off,OFF,0.168,NaN,0.168,949.693,NaN,949.693,0.31,1829.62,0.32,0,NaN,40,20,16,24,0,1,0,0x0,0x0,,,,,,,
10/26/2025 19:13,NVIDIA GeForce RTX 4090,8.9,128,1280x720,Cornell,Off,OFF,0.356,NaN,0.356,2726.094,NaN,2726.094,0.92,2586.21,0.34,0,NaN,80,30,16,24,0,1,0,0x0,0x0,0.3566,0.004615192,0.357 ± 0.005,2726.6658,20.48975962,2726.7 ± 20.5,7646.3
10/26/2025 19:14,NVIDIA GeForce RTX 4090,8.9,128,1280x720,Cornell,Off,OFF,0.359,NaN,0.359,2710.836,NaN,2710.836,0.92,2564.1,0.34,0,NaN,80,30,16,24,0,1,0,0x0,0x0,,,,,,,
10/26/2025 19:14,NVIDIA GeForce RTX 4090,8.9,128,1280x720,Cornell,Off,OFF,0.361,NaN,0.361,2760.584,NaN,2760.584,0.92,2549.57,0.33,0,NaN,80,30,16,24,0,1,0,0x0,0x0,,,,,,,
10/26/2025 19:14,NVIDIA GeForce RTX 4090,8.9,128,1280x720,Cornell,Off,OFF,0.349,NaN,0.349,2725.799,NaN,2725.799,0.92,2639.3,0.34,0,NaN,80,30,16,24,0,1,0,0x0,0x0,,,,,,,
10/26/2025 19:14,NVIDIA GeForce RTX 4090,8.9,128,1280x720,Cornell,Off,OFF,0.358,NaN,0.358,2710.016,NaN,2710.016,0.92,2572.58,0.34,0,NaN,80,30,16,24,0,1,0,0x0,0x0,,,,,,,
10/26/2025 19:15,NVIDIA GeForce RTX 4090,8.9,128,1920x1080,Cornell,Off,OFF,0.738,NaN,0.738,5942.432,NaN,5942.432,2.07,2809.57,0.35,0,NaN,120,45,16,24,0,1,0,0x0,0x0,0.7398,0.00683374,0.740 ± 0.007,6055.668,92.46492056,6055.7 ± 92.5,8185.5
10/26/2025 19:15,NVIDIA GeForce RTX 4090,8.9,128,1920x1080,Cornell,Off,OFF,0.741,NaN,0.741,6122.033,NaN,6122.033,2.07,2796.96,0.34,0,NaN,120,45,16,24,0,1,0,0x0,0x0,,,,,,,
10/26/2025 19:15,NVIDIA GeForce RTX 4090,8.9,128,1920x1080,Cornell,Off,OFF,0.739,NaN,0.739,6136.856,NaN,6136.856,2.07,2804.83,0.34,0,NaN,120,45,16,24,0,1,0,0x0,0x0,,,,,,,
10/26/2025 19:16,NVIDIA GeForce RTX 4090,8.9,128,1920x1080,Cornell,Off,OFF,0.75,NaN,0.75,6108.481,NaN,6108.481,2.07,2766.39,0.34,0,NaN,120,45,16,24,0,1,0,0x0,0x0,,,,,,,
10/26/2025 19:16,NVIDIA GeForce RTX 4090,8.9,128,1920x1080,Cornell,Off,OFF,0.731,NaN,0.731,5968.538,NaN,5968.538,2.07,2836.13,0.35,0,NaN,120,45,16,24,0,1,0,0x0,0x0,,,,,,,
10/26/2025 20:18,NVIDIA GeForce RTX 4090,8.9,128,3840x2160,Cornell,Off,OFF,2.794,NaN,2.794,24629.704,NaN,24629.704,8.29,2968.12,0.34,0,NaN,240,90,16,24,0,1,0,0x0,0x0,2.8758,0.192458307,2.876 ± 0.192,24647.8522,165.9091249,24647.9 ± 165.9,8570.8
10/26/2025 20:18,NVIDIA GeForce RTX 4090,8.9,128,3840x2160,Cornell,Off,OFF,2.79,NaN,2.79,24581.878,NaN,24581.878,8.29,2972.48,0.34,0,NaN,240,90,16,24,0,1,0,0x0,0x0,,,,,,,
10/26/2025 20:19,NVIDIA GeForce RTX 4090,8.9,128,3840x2160,Cornell,Off,OFF,2.792,NaN,2.792,24450.159,NaN,24450.159,8.29,2970.33,0.34,0,NaN,240,90,16,24,0,1,0,0x0,0x0,,,,,,,
10/26/2025 20:20,NVIDIA GeForce RTX 4090,8.9,128,3840x2160,Cornell,Off,OFF,2.783,NaN,2.783,24673.372,NaN,24673.372,8.29,2980.13,0.34,0,NaN,240,90,16,24,0,1,0,0x0,0x0,,,,,,,
10/26/2025 20:21,NVIDIA GeForce RTX 4090,8.9,128,3840x2160,Cornell,Off,OFF,3.22,NaN,3.22,24904.148,NaN,24904.148,8.29,2575.52,0.33,0,NaN,240,90,16,24,0,1,0,0x0,0x0,,,,,,,
10/27/2025 17:39,NVIDIA GeForce RTX 4090,8.9,128,640x480,Cornell | Spheres,Off,OFF,0.368,NaN,0.368,1306.908,NaN,1306.908,0.31,835.65,0.24,0,NaN,40,20,16,24,0,1,0,0x0,0x0,0.3732,0.005540758,0.373 ± 0.006,1288.8126,17.86119059,1288.8 ± 17.9,3453.4
10/27/2025 17:41,NVIDIA GeForce RTX 4090,8.9,128,640x480,Cornell | Spheres,Off,OFF,0.374,NaN,0.374,1267.47,NaN,1267.47,0.31,821.92,0.24,0,NaN,40,20,16,24,0,1,0,0x0,0x0,,,,,,,
10/27/2025 17:41,NVIDIA GeForce RTX 4090,8.9,128,640x480,Cornell | Spheres,Off,OFF,0.379,NaN,0.379,1271.841,NaN,1271.841,0.31,810.81,0.24,0,NaN,40,20,16,24,0,1,0,0x0,0x0,,,,,,,
10/27/2025 17:42,NVIDIA GeForce RTX 4090,8.9,128,640x480,Cornell | Spheres,Off,OFF,0.378,NaN,0.378,1298.329,NaN,1298.329,0.31,813.01,0.24,0,NaN,40,20,16,24,0,1,0,0x0,0x0,,,,,,,
10/27/2025 17:42,NVIDIA GeForce RTX 4090,8.9,128,640x480,Cornell | Spheres,Off,OFF,0.367,NaN,0.367,1299.515,NaN,1299.515,0.31,837.99,0.24,0,NaN,40,20,16,24,0,1,0,0x0,0x0,,,,,,,
10/27/2025 17:42,NVIDIA GeForce RTX 4090,8.9,128,1280x720,Cornell | Spheres,Off,OFF,0.558,NaN,0.558,3551.345,NaN,3551.345,0.92,1651.94,0.26,0,NaN,80,30,16,24,0,1,0,0x0,0x0,0.5518,0.00363318,0.552 ± 0.004,3516.0126,37.05053387,3516.0 ± 37.1,6371.9
10/27/2025 17:43,NVIDIA GeForce RTX 4090,8.9,128,1280x720,Cornell | Spheres,Off,OFF,0.55,NaN,0.55,3543.281,NaN,3543.281,0.92,1675.88,0.26,0,NaN,80,30,16,24,0,1,0,0x0,0x0,,,,,,,
10/27/2025 17:44,NVIDIA GeForce RTX 4090,8.9,128,1280x720,Cornell | Spheres,Off,OFF,0.552,NaN,0.552,3531.626,NaN,3531.626,0.92,1670.15,0.26,0,NaN,80,30,16,24,0,1,0,0x0,0x0,,,,,,,
10/27/2025 17:44,NVIDIA GeForce RTX 4090,8.9,128,1280x720,Cornell | Spheres,Off,OFF,0.549,NaN,0.549,3466.993,NaN,3466.993,0.92,1679.1,0.27,0,NaN,80,30,16,24,0,1,0,0x0,0x0,,,,,,,
10/27/2025 17:45,NVIDIA GeForce RTX 4090,8.9,128,1280x720,Cornell | Spheres,Off,OFF,0.55,NaN,0.55,3486.818,NaN,3486.818,0.92,1676.56,0.26,0,NaN,80,30,16,24,0,1,0,0x0,0x0,,,,,,,
10/27/2025 17:46,NVIDIA GeForce RTX 4090,8.9,128,1920x1080,Cornell | Spheres,Off,OFF,0.979,NaN,0.979,7790.923,NaN,7790.923,2.07,2118.55,0.27,0,NaN,120,45,16,24,0,1,0,0x0,0x0,0.9726,0.004159327,0.973 ± 0.004,7885.661,90.12302513,7885.7 ± 90.1,8107.8
10/27/2025 17:46,NVIDIA GeForce RTX 4090,8.9,128,1920x1080,Cornell | Spheres,Off,OFF,0.974,NaN,0.974,7949.205,NaN,7949.205,2.07,2130.04,0.26,0,NaN,120,45,16,24,0,1,0,0x0,0x0,,,,,,,
10/27/2025 17:47,NVIDIA GeForce RTX 4090,8.9,128,1920x1080,Cornell | Spheres,Off,OFF,0.969,NaN,0.969,7787.599,NaN,7787.599,2.07,2140.38,0.27,0,NaN,120,45,16,24,0,1,0,0x0,0x0,,,,,,,
10/27/2025 17:47,NVIDIA GeForce RTX 4090,8.9,128,1920x1080,Cornell | Spheres,Off,OFF,0.969,NaN,0.969,7922.85,NaN,7922.85,2.07,2140.59,0.26,0,NaN,120,45,16,24,0,1,0,0x0,0x0,,,,,,,
10/27/2025 17:48,NVIDIA GeForce RTX 4090,8.9,128,1920x1080,Cornell | Spheres,Off,OFF,0.972,NaN,0.972,7977.728,NaN,7977.728,2.07,2133.83,0.26,0,NaN,120,45,16,24,0,1,0,0x0,0x0,,,,,,,
10/27/2025 17:50,NVIDIA GeForce RTX 4090,8.9,128,3840x2160,Cornell | Spheres,Off,OFF,4.205,NaN,4.205,31590.959,NaN,31590.959,8.29,1972.72,0.26,0,NaN,240,90,16,24,0,1,0,0x0,0x0,3.9804,0.306673768,3.980 ± 0.307,31773.3448,521.7982287,31773.3 ± 521.8,7982.5
10/27/2025 17:51,NVIDIA GeForce RTX 4090,8.9,128,3840x2160,Cornell | Spheres,Off,OFF,4.211,NaN,4.211,31730.218,NaN,31730.218,8.29,1969.84,0.26,0,NaN,240,90,16,24,0,1,0,0x0,0x0,,,,,,,
10/27/2025 17:51,NVIDIA GeForce RTX 4090,8.9,128,3840x2160,Cornell | Spheres,Off,OFF,3.645,NaN,3.645,32270.121,NaN,32270.121,8.29,2275.32,0.26,0,NaN,240,90,16,24,0,1,0,0x0,0x0,,,,,,,
10/27/2025 17:53,NVIDIA GeForce RTX 4090,8.9,128,3840x2160,Cornell | Spheres,Off,OFF,3.644,NaN,3.644,31017.072,NaN,31017.072,8.29,2276,0.27,0,NaN,240,90,16,24,0,1,0,0x0,0x0,,,,,,,
10/27/2025 17:54,NVIDIA GeForce RTX 4090,8.9,128,3840x2160,Cornell | Spheres,Off,OFF,4.197,NaN,4.197,32258.354,NaN,32258.354,8.29,1976.09,0.26,0,NaN,240,90,16,24,0,1,0,0x0,0x0,,,,,,,
10/27/2025 17:58,NVIDIA GeForce RTX 4090,8.9,128,640x480,Cornell | Cubes,Off,OFF,0.526,NaN,0.526,2695.395,NaN,2695.395,0.31,583.91,0.11,0,NaN,40,20,16,24,0,1,0,0x0,0x0,0.5758,0.117589115,0.576 ± 0.118,2697.1164,13.47545787,2697.1 ± 13.5,4684.1
10/27/2025 17:59,NVIDIA GeForce RTX 4090,8.9,128,640x480,Cornell | Cubes,Off,OFF,0.52,NaN,0.52,2688.005,NaN,2688.005,0.31,590.84,0.11,0,NaN,40,20,16,24,0,1,0,0x0,0x0,,,,,,,
10/27/2025 17:59,NVIDIA GeForce RTX 4090,8.9,128,640x480,Cornell | Cubes,Off,OFF,0.786,NaN,0.786,2707.011,NaN,2707.011,0.31,390.62,0.11,0,NaN,40,20,16,24,0,1,0,0x0,0x0,,,,,,,
10/27/2025 17:59,NVIDIA GeForce RTX 4090,8.9,128,640x480,Cornell | Cubes,Off,OFF,0.518,NaN,0.518,2681.123,NaN,2681.123,0.31,592.89,0.11,0,NaN,40,20,16,24,0,1,0,0x0,0x0,,,,,,,
10/27/2025 17:59,NVIDIA GeForce RTX 4090,8.9,128,640x480,Cornell | Cubes,Off,OFF,0.529,NaN,0.529,2714.048,NaN,2714.048,0.31,580.34,0.11,0,NaN,40,20,16,24,0,1,0,0x0,0x0,,,,,,,
10/27/2025 18:02,NVIDIA GeForce RTX 4090,8.9,128,1280x720,Cornell | Cubes,Off,OFF,0.98,NaN,0.98,7374.314,NaN,7374.314,0.92,940.44,0.12,0,NaN,80,30,16,24,0,1,0,0x0,0x0,1.088,0.2364815,1.088 ± 0.236,7253.2866,184.0159935,7253.3 ± 184.0,6666.6
10/27/2025 18:02,NVIDIA GeForce RTX 4090,8.9,128,1280x720,Cornell | Cubes,Off,OFF,0.979,NaN,0.979,7399.938,NaN,7399.938,0.92,941.42,0.12,0,NaN,80,30,16,24,0,1,0,0x0,0x0,,,,,,,
10/27/2025 18:13,NVIDIA GeForce RTX 4090,8.9,128,1280x720,Cornell | Cubes,Off,OFF,0.984,NaN,0.984,7059.283,NaN,7059.283,0.92,936.52,0.13,0,NaN,80,30,16,24,0,1,0,0x0,0x0,,,,,,,
10/27/2025 18:13,NVIDIA GeForce RTX 4090,8.9,128,1280x720,Cornell | Cubes,Off,OFF,1.511,NaN,1.511,7044.778,NaN,7044.778,0.92,609.76,0.13,0,NaN,80,30,16,24,0,1,0,0x0,0x0,,,,,,,
10/27/2025 18:16,NVIDIA GeForce RTX 4090,8.9,128,1280x720,Cornell | Cubes,Off,OFF,0.986,NaN,0.986,7388.12,NaN,7388.12,0.92,934.58,0.12,0,NaN,80,30,16,24,0,1,0,0x0,0x0,,,,,,,
10/27/2025 18:19,NVIDIA GeForce RTX 4090,8.9,128,1920x1080,Cornell | Cubes,Off,OFF,2.069,NaN,2.069,15867.857,NaN,15867.857,2.07,1002.03,0.13,0,NaN,120,45,16,24,0,1,0,0x0,0x0,2.1856,0.25516916,2.186 ± 0.255,16241.9396,368.3990625,16241.9 ± 368.4,7431.3
10/27/2025 18:20,NVIDIA GeForce RTX 4090,8.9,128,1920x1080,Cornell | Cubes,Off,OFF,2.066,NaN,2.066,15814.031,NaN,15814.031,2.07,1003.47,0.13,0,NaN,120,45,16,24,0,1,0,0x0,0x0,,,,,,,
10/27/2025 18:20,NVIDIA GeForce RTX 4090,8.9,128,1920x1080,Cornell | Cubes,Off,OFF,2.076,NaN,2.076,16510.409,NaN,16510.409,2.07,998.67,0.13,0,NaN,120,45,16,24,0,1,0,0x0,0x0,,,,,,,
10/27/2025 18:21,NVIDIA GeForce RTX 4090,8.9,128,1920x1080,Cornell | Cubes,Off,OFF,2.642,NaN,2.642,16560.803,NaN,16560.803,2.07,784.89,0.13,0,NaN,120,45,16,24,0,1,0,0x0,0x0,,,,,,,
10/27/2025 18:22,NVIDIA GeForce RTX 4090,8.9,128,1920x1080,Cornell | Cubes,Off,OFF,2.075,NaN,2.075,16456.598,NaN,16456.598,2.07,999.51,0.13,0,NaN,120,45,16,24,0,1,0,0x0,0x0,,,,,,,
10/27/2025 18:23,NVIDIA GeForce RTX 4090,8.9,128,3840x2160,Cornell | Cubes,Off,OFF,8.438,NaN,8.438,66086.823,NaN,66086.823,8.29,983.01,0.13,0,NaN,240,90,16,24,0,1,0,0x0,0x0,8.4574,0.066552986,8.457 ± 0.067,65308.4344,1249.458747,65308.4 ± 1249.5,7722
10/27/2025 18:25,NVIDIA GeForce RTX 4090,8.9,128,3840x2160,Cornell | Cubes,Off,OFF,8.436,NaN,8.436,65787.672,NaN,65787.672,8.29,983.25,0.13,0,NaN,240,90,16,24,0,1,0,0x0,0x0,,,,,,,
10/27/2025 18:27,NVIDIA GeForce RTX 4090,8.9,128,3840x2160,Cornell | Cubes,Off,OFF,8.401,NaN,8.401,65731.057,NaN,65731.057,8.29,987.32,0.13,0,NaN,240,90,16,24,0,1,0,0x0,0x0,,,,,,,
10/27/2025 18:28,NVIDIA GeForce RTX 4090,8.9,128,3840x2160,Cornell | Cubes,Off,OFF,8.573,NaN,8.573,63086.499,NaN,63086.499,8.29,967.51,0.13,0,NaN,240,90,16,24,0,1,0,0x0,0x0,,,,,,,
10/27/2025 18:30,NVIDIA GeForce RTX 4090,8.9,128,3840x2160,Cornell | Cubes,Off,OFF,8.439,NaN,8.439,65850.121,NaN,65850.121,8.29,982.89,0.13,0,NaN,240,90,16,24,0,1,0,0x0,0x0,,,,,,,
10/27/2025 18:33,NVIDIA GeForce RTX 4090,8.9,128,640x480,Cornell | Spheres | Cubes,Off,OFF,1.624,NaN,1.624,3103.189,NaN,3103.189,0.31,189.18,0.1,0,NaN,40,20,16,24,0,1,0,0x0,0x0,1.7754,0.20511899,1.775 ± 0.205,3199.4058,55.06453703,3199.4 ± 55.1,1802.1
10/27/2025 18:33,NVIDIA GeForce RTX 4090,8.9,128,640x480,Cornell | Spheres | Cubes,Off,OFF,1.629,NaN,1.629,3243.28,NaN,3243.28,0.31,188.56,0.09,0,NaN,40,20,16,24,0,1,0,0x0,0x0,,,,,,,
10/27/2025 18:33,NVIDIA GeForce RTX 4090,8.9,128,640x480,Cornell | Spheres | Cubes,Off,OFF,2.008,NaN,2.008,3221.135,NaN,3221.135,0.31,152.98,0.1,0,NaN,40,20,16,24,0,1,0,0x0,0x0,,,,,,,
10/27/2025 18:33,NVIDIA GeForce RTX 4090,8.9,128,640x480,Cornell | Spheres | Cubes,Off,OFF,1.624,NaN,1.624,3213.124,NaN,3213.124,0.31,189.16,0.1,0,NaN,40,20,16,24,0,1,0,0x0,0x0,,,,,,,
10/27/2025 18:33,NVIDIA GeForce RTX 4090,8.9,128,640x480,Cornell | Spheres | Cubes,Off,OFF,1.992,NaN,1.992,3216.301,NaN,3216.301,0.31,154.19,0.1,0,NaN,40,20,16,24,0,1,0,0x0,0x0,,,,,,,
10/27/2025 18:34,NVIDIA GeForce RTX 4090,8.9,128,1280x720,Cornell | Spheres | Cubes,Off,OFF,2.409,NaN,2.409,8583.594,NaN,8583.594,0.92,382.49,0.11,0,NaN,80,30,16,24,0,1,0,0x0,0x0,1.966,0.247662068,1.966 ± 0.248,8545.0186,140.1959871,8545.0 ± 140.2,4346.4
10/27/2025 18:34,NVIDIA GeForce RTX 4090,8.9,128,1280x720,Cornell | Spheres | Cubes,Off,OFF,1.854,NaN,1.854,8608.468,NaN,8608.468,0.92,496.96,0.11,0,NaN,80,30,16,24,0,1,0,0x0,0x0,,,,,,,
10/27/2025 18:35,NVIDIA GeForce RTX 4090,8.9,128,1280x720,Cornell | Spheres | Cubes,Off,OFF,1.852,NaN,1.852,8302.682,NaN,8302.682,0.92,497.51,0.11,0,NaN,80,30,16,24,0,1,0,0x0,0x0,,,,,,,
10/27/2025 18:35,NVIDIA GeForce RTX 4090,8.9,128,1280x720,Cornell | Spheres | Cubes,Off,OFF,1.855,NaN,1.855,8662.793,NaN,8662.793,0.92,496.69,0.11,0,NaN,80,30,16,24,0,1,0,0x0,0x0,,,,,,,
10/27/2025 18:35,NVIDIA GeForce RTX 4090,8.9,128,1280x720,Cornell | Spheres | Cubes,Off,OFF,1.86,NaN,1.86,8567.556,NaN,8567.556,0.92,495.59,0.11,0,NaN,80,30,16,24,0,1,0,0x0,0x0,,,,,,,
10/27/2025 18:36,NVIDIA GeForce RTX 4090,8.9,128,1920x1080,Cornell | Spheres | Cubes,Off,OFF,2.638,NaN,2.638,19375.546,NaN,19375.546,2.07,786.1,0.11,0,NaN,120,45,16,24,0,1,0,0x0,0x0,2.6354,0.006107373,2.635 ± 0.006,19242.911,289.3467014,19242.9 ± 289.3,7301.7
10/27/2025 18:36,NVIDIA GeForce RTX 4090,8.9,128,1920x1080,Cornell | Spheres | Cubes,Off,OFF,2.631,NaN,2.631,19380.783,NaN,19380.783,2.07,788.24,0.11,0,NaN,120,45,16,24,0,1,0,0x0,0x0,,,,,,,
10/27/2025 18:37,NVIDIA GeForce RTX 4090,8.9,128,1920x1080,Cornell | Spheres | Cubes,Off,OFF,2.632,NaN,2.632,18726.145,NaN,18726.145,2.07,787.94,0.11,0,NaN,120,45,16,24,0,1,0,0x0,0x0,,,,,,,
10/27/2025 18:37,NVIDIA GeForce RTX 4090,8.9,128,1920x1080,Cornell | Spheres | Cubes,Off,OFF,2.631,NaN,2.631,19387.447,NaN,19387.447,2.07,788.24,0.11,0,NaN,120,45,16,24,0,1,0,0x0,0x0,,,,,,,
10/27/2025 18:38,NVIDIA GeForce RTX 4090,8.9,128,1920x1080,Cornell | Spheres | Cubes,Off,OFF,2.645,NaN,2.645,19344.634,NaN,19344.634,2.07,784.07,0.11,0,NaN,120,45,16,24,0,1,0,0x0,0x0,,,,,,,
10/27/2025 18:40,NVIDIA GeForce RTX 4090,8.9,128,3840x2160,Cornell | Spheres | Cubes,Off,OFF,10.015,NaN,10.015,74660.028,NaN,74660.028,8.29,828.22,0.11,0,NaN,240,90,16,24,0,1,0,0x0,0x0,10.2004,0.185137246,10.200 ± 0.185,76663.5738,1122.124948,76663.6 ± 1122.1,7515.7
10/27/2025 18:41,NVIDIA GeForce RTX 4090,8.9,128,3840x2160,Cornell | Spheres | Cubes,Off,OFF,9.991,NaN,9.991,77163.68,NaN,77163.68,8.29,830.2,0.11,0,NaN,240,90,16,24,0,1,0,0x0,0x0,,,,,,,
10/27/2025 18:43,NVIDIA GeForce RTX 4090,8.9,128,3840x2160,Cornell | Spheres | Cubes,Off,OFF,10.313,NaN,10.313,77053.585,NaN,77053.585,8.29,804.29,0.11,0,NaN,240,90,16,24,0,1,0,0x0,0x0,,,,,,,
10/27/2025 18:44,NVIDIA GeForce RTX 4090,8.9,128,3840x2160,Cornell | Spheres | Cubes,Off,OFF,10.398,NaN,10.398,77234.171,NaN,77234.171,8.29,797.72,0.11,0,NaN,240,90,16,24,0,1,0,0x0,0x0,,,,,,,
10/27/2025 18:46,NVIDIA GeForce RTX 4090,8.9,128,3840x2160,Cornell | Spheres | Cubes,Off,OFF,10.285,NaN,10.285,77206.405,NaN,77206.405,8.29,806.45,0.11,0,NaN,240,90,16,24,0,1,0,0x0,0x0,,,,,,,
2025-10-28 18:11:21,"NVIDIA GeForce RTX 4090",8.9,128,640x480,"Cornell",Bilateral,"DEFAULT",0.161,4.678,4.839,980.933,191.229,1172.161,0.31,1910.83,0.31,2457600,0.525,40,20,16,24,0,1,0,0x0,0x0
2025-10-28 18:12:11,"NVIDIA GeForce RTX 4090",8.9,128,640x480,"Cornell | Spheres",Bilateral,"DEFAULT",0.381,3.951,4.331,1311.660,192.300,1503.960,0.31,806.45,0.23,2457600,0.622,40,20,16,24,0,1,0,0x0,0x0
2025-10-28 18:12:51,"NVIDIA GeForce RTX 4090",8.9,128,640x480,"Cornell | Cubes",Bilateral,"DEFAULT",0.527,3.766,4.293,2704.228,191.911,2896.139,0.31,582.91,0.11,2457600,0.653,40,20,16,24,0,1,0,0x0,0x0
2025-10-28 18:13:26,"NVIDIA GeForce RTX 4090",8.9,128,640x480,"Cornell | Spheres | Cubes",Bilateral,"DEFAULT",1.628,4.201,5.829,3260.429,193.255,3453.683,0.31,188.68,0.09,2457600,0.585,40,20,16,24,0,1,0,0x0,0x0
2025-10-28 18:13:53,"NVIDIA GeForce RTX 4090",8.9,128,1280x720,"Cornell",Bilateral,"DEFAULT",0.353,4.078,4.431,2744.249,566.458,3310.707,0.92,2608.70,0.34,7372800,1.808,80,30,16,24,0,1,0,0x0,0x0
2025-10-28 18:14:20,"NVIDIA GeForce RTX 4090",8.9,128,1280x720,"Cornell | Spheres",Bilateral,"DEFAULT",0.552,4.051,4.603,3506.186,577.450,4083.636,0.92,1669.86,0.26,7372800,1.820,80,30,16,24,0,1,0,0x0,0x0
2025-10-28 18:14:45,"NVIDIA GeForce RTX 4090",8.9,128,1280x720,"Cornell | Cubes",Bilateral,"DEFAULT",0.977,4.155,5.132,7412.198,571.684,7983.882,0.92,943.43,0.12,7372800,1.774,80,30,16,24,0,1,0,0x0,0x0
2025-10-28 18:15:08,"NVIDIA GeForce RTX 4090",8.9,128,1280x720,"Cornell | Spheres | Cubes",Bilateral,"DEFAULT",1.859,3.909,5.768,8471.289,576.393,9047.682,0.92,495.65,0.11,7372800,1.886,80,30,16,24,0,1,0,0x0,0x0
2025-10-28 18:16:36,"NVIDIA GeForce RTX 4090",8.9,128,1920x1080,"Cornell",Bilateral,"DEFAULT",0.739,4.382,5.121,6201.917,1288.578,7490.496,2.07,2804.95,0.33,16588800,3.786,120,45,16,24,0,1,0,0x0,0x0
2025-10-28 18:16:58,"NVIDIA GeForce RTX 4090",8.9,128,1920x1080,"Cornell | Spheres",Bilateral,"DEFAULT",0.970,4.099,5.068,8024.977,1273.779,9298.756,2.07,2138.33,0.26,16588800,4.047,120,45,16,24,0,1,0,0x0,0x0
2025-10-28 18:17:28,"NVIDIA GeForce RTX 4090",8.9,128,1920x1080,"Cornell | Cubes",Bilateral,"DEFAULT",2.077,3.939,6.016,16650.857,1290.864,17941.721,2.07,998.54,0.12,16588800,4.211,120,45,16,24,0,1,0,0x0,0x0
2025-10-28 18:18:12,"NVIDIA GeForce RTX 4090",8.9,128,1920x1080,"Cornell | Spheres | Cubes",Bilateral,"DEFAULT",2.890,4.164,7.054,19523.345,1265.026,20788.371,2.07,717.58,0.11,16588800,3.983,120,45,16,24,0,1,0,0x0,0x0
2025-10-28 18:19:13,"NVIDIA GeForce RTX 4090",8.9,128,3840x2160,"Cornell",Bilateral,"DEFAULT",3.492,4.484,7.976,24704.777,5077.639,29782.416,8.29,2375.37,0.34,66355200,14.797,240,90,16,24,0,1,0,0x0,0x0
2025-10-28 18:20:01,"NVIDIA GeForce RTX 4090",8.9,128,3840x2160,"Cornell | Spheres",Bilateral,"DEFAULT",3.637,4.237,7.874,31964.370,5094.584,37058.954,8.29,2280.35,0.26,66355200,15.661,240,90,16,24,0,1,0,0x0,0x0
2025-10-28 18:26:53,"NVIDIA GeForce RTX 4090",8.9,128,3840x2160,"Cornell | Cubes",Bilateral,"DEFAULT",8.870,4.330,13.200,66599.428,5056.769,71656.197,8.29,935.14,0.12,66355200,15.323,240,90,16,24,0,1,0,0x0,0x0
2025-10-28 18:28:28,"NVIDIA GeForce RTX 4090",8.9,128,3840x2160,"Cornell | Spheres | Cubes",Bilateral,"DEFAULT",11.758,4.009,15.767,78222.048,5102.247,83324.295,8.29,705.45,0.11,66355200,16.550,240,90,16,24,0,1,0,0x0,0x0
2025-10-29 03:07:14,"NVIDIA GeForce RTX 4090",8.9,128,1920x1080,"Cornell | Spheres | Cubes",Off,"OFF",2.626,NaN,2.626,19767.847,NaN,19767.847,2.07,789.78,0.10,0,NaN,120,45,16,24,0,1,0,0x0,0x0
2025-10-29 03:33:54,"NVIDIA GeForce RTX 4090",8.9,128,1280x720,"None",Off,"OFF",0.070,NaN,0.070,181.788,NaN,181.788,0.92,13235.29,5.07,0,NaN,80,30,16,24,0,1,0,0x0,0x0
